Date,Daytime Average Temperature (degrees Celsius),Daytime Average Humidity (%),Average Pressure (hPa),Total Precipitation (mm),Average Windspeed (m/s),Daytime Average Enthalpy,Daytime Average Moisture,Occupancy,Daytime kWh - actual power consumption (kWh),Actual water consumption (kLiter),Actual Gas consumption (MJ)
10/10/2019,21.6,56.8,1016.6,0,0,45.5,9.3,355,4043.3,33.5,885.98
11/10/2019,19,76.5,1016.7,11.9,0,46.7,10.9,355,3617.1,12.2,1127.61
14/10/2019,18.9,47.9,1018.5,0.4,0.1,35.9,6.7,30,3721.8,36.9,2939.84
15/10/2019,18,39.4,1022.9,0,0.1,31.2,5.2,26,3634.8,12.6,5517.22
16/10/2019,19.5,36.9,1023.5,0,0,32.8,5.2,358,3707.9,12.3,4550.7
17/10/2019,20.6,43.4,1020.5,0,0.1,37.6,6.7,371,3698.5,33.4,4067.44
18/10/2019,22.7,35.8,1019.1,0,0.1,38.3,6.1,357,3809.9,9.7,3624.45
21/10/2019,21.9,53.4,1018.7,0,0,44.9,9,36,4108.8,35.8,1047.06
22/10/2019,23.7,47.7,1018,0,0.1,46.6,8.9,30,4131.4,10,1288.69
23/10/2019,20.2,67.4,1016.6,12.6,0.1,46.2,10.2,346,3898.2,16.2,644.35
24/10/2019,19.1,44.1,1019.7,0,0,35,6.2,350,3665.1,33.5,1973.31
25/10/2019,21.5,48.6,1020.7,0,0,41.9,8,322,3823.5,9.8,2134.4
28/10/2019,22.5,54,1014.1,0,0.1,46.8,9.5,26,4466.3,34.4,322.17
29/10/2019,23.5,45,1014,0,0,44.8,8.3,33,4343.7,12.2,1328.97
30/10/2019,20.3,67.5,1007.3,22.1,0.1,46.7,10.3,377,3973,12.2,1127.61
31/10/2019,14.9,60.9,1007.6,25.3,0,31.7,6.6,349,3405.9,34.1,8094.61
1/11/2019,16.4,68.3,1010.5,28.9,0.2,37.1,8.2,364,3366.4,12.3,7530.81
4/11/2019,23.8,40.6,1023.9,0,0.1,43.2,7.5,28,4090.2,37.3,3141.19
5/11/2019,23.2,51,1023.4,0,0.1,47,9.3,28,4088.4,12.2,2255.22
6/11/2019,22.6,42.1,1022.3,0,0.1,41.4,7.4,374,3919.7,12.3,2053.86
7/11/2019,24.8,40,1020.2,0,0.1,45.3,8,385,4128.9,34.4,1047.07
8/11/2019,28.6,21.9,1018.5,0,0.1,42,5.2,365,4542.5,12.3,322.17
11/11/2019,26.4,34.1,1015.1,0,0.2,44.9,7.2,32,4996.5,37,322.17
12/11/2019,26.5,27.2,1019.8,0,0.2,41.7,5.9,24,4761.7,15,442.99
13/11/2019,32.3,21.8,1018,0,0,49.2,6.5,374,5567.4,12.2,0
14/11/2019,36.4,13.3,1013.5,0,0.2,49.4,5,379,6265.6,34.2,0
15/11/2019,34.2,21.2,1012.2,0,0.1,52.2,7,384,6108.2,9.6,0
18/11/2019,30,33,1013.5,0,0.1,53.2,9,29,6017.6,37,40.27
19/11/2019,23.2,51.9,1009.4,0,0.1,47.6,9.6,31,4699.2,12.4,0
20/11/2019,19.9,36,1015.1,3.5,0.1,33.4,5.3,415,3911.6,13.4,442.99
21/11/2019,21.7,31.9,1019.1,0,0.1,35.2,5.3,421,4123.2,33.5,1610.87
22/11/2019,23.8,43,1018.6,0,0.1,44.4,8.1,432,4164.1,12.3,1731.68
25/11/2019,26.5,36.5,1015.7,0,0.1,47,8,20,5036,35,40.27
26/11/2019,30.7,21.7,1014.1,0,0.1,45.9,5.9,19,5266.4,14.9,0
27/11/2019,30.9,16.8,1013,0,0,43.2,4.7,353,5317.8,12.5,0
28/11/2019,27.4,29.9,1016.7,0,0.2,44.7,6.7,354,4880.4,37.4,40.27
29/11/2019,24.9,27.6,1022.6,0,0.1,38.7,5.4,379,4405.9,10.9,684.62
2/12/2019,32.4,27.8,1017.2,0,0.1,54.3,8.5,24,6021.6,33.5,0
3/12/2019,37.5,14.6,1010.7,0,0.1,53.1,6,27,6908.4,15,0
4/12/2019,35.5,21.1,1011,0,0,55.8,7.8,369,6466.6,12.9,0
5/12/2019,36.9,16.6,1011.7,0,0.1,53.5,6.4,410,6819.5,36.1,40.27
6/12/2019,34.5,24.7,1007.4,0,0,56.4,8.5,400,7094.1,10.3,40.27
9/12/2019,27.3,34.2,1019.4,0,0,47.4,7.8,44,5272.2,36.6,120.82
10/12/2019,32.6,19.1,1016.3,0,0.2,47.6,5.8,,5644.3,12.4,0
11/12/2019,34.2,16.6,1015,0,0.2,48.1,5.4,,5994.5,16.4,40.27
12/12/2019,35.7,14.1,1015.8,0,0.1,48.6,5,,6406.6,40.6,0
13/12/2019,37.8,9.2,1014.1,0,0.2,47.8,3.8,,6689.7,7.7,0
16/12/2019,35.2,19.9,1006,0,0.1,54,7.2,,7842.7,41,0
17/12/2019,33,26.4,1009.8,0,0.1,55.1,8.6,,6922,12.6,40.27
18/12/2019,31.3,27.1,1009.7,0,0.1,51.7,7.9,,6160,13.6,0
19/12/2019,22.5,61.7,1011.5,3.7,0.1,50.1,10.8,,5011.5,36.6,40.27
20/12/2019,24.2,44.6,1016.5,1.7,0.1,46.4,8.6,,4548.3,7.3,0
6/01/2020,31.7,24.8,1010.2,0,0,51.1,7.5,,5304.2,39.4,40.27
7/01/2020,29.6,27.9,1006.7,0,0.1,48.8,7.4,,5100.3,12.1,0
8/01/2020,27.5,37.2,1006.9,0,0.1,50.2,8.8,,4935.5,10.9,40.27
9/01/2020,25.8,38.6,1011.3,0,0.2,47,8.3,,4416.8,40.2,40.27
10/01/2020,28.3,21.6,1016.9,0,0.1,41.2,5,,4714.7,9.8,201.36
13/01/2020,30.7,32.8,1010.6,0,0.1,54.6,9.3,,6042.8,39.7,0
14/01/2020,31.7,36.6,1009.1,0,0,60.4,11.1,,6076.3,14.6,0
15/01/2020,30.1,40.7,1011.5,0,0.1,58.7,11.1,,6121.5,13.5,0
16/01/2020,32,38.3,1010.3,0,0,62.3,11.7,,6357.4,39.4,40.27
17/01/2020,26.8,56.2,1009.5,4.1,0.1,59.9,12.9,,5382.8,9.9,0
20/01/2020,29.5,34.3,1011.1,0,0.1,52.8,9,,5447.9,43.9,40.27
21/01/2020,23.9,52.3,1012.6,0,0.1,49.4,10,,4817.3,14.7,80.54
22/01/2020,22.8,50.5,1015.8,0,0,45.8,9,,4434.9,13.3,442.99
23/01/2020,26.2,50.1,1016.1,0,0,54.3,11,,4836.4,33.4,80.54
24/01/2020,30.4,31,1015.5,0,0.1,52.3,8.5,,5012.3,12.2,80.54
28/01/2020,33,31.7,1008.2,0,0.1,59.6,10.3,,6789.1,15,40.27
29/01/2020,26.1,51.4,1008.3,1.2,0.1,55,11.3,,5504.1,14.1,0
30/01/2020,22.6,42.1,1008.5,5.6,0.1,41.5,7.4,,4593.3,35.8,161.09
31/01/2020,22.6,33.4,1013.9,0,0,37.7,5.9,,4291.2,12.4,926.25
3/02/2020,33.3,24.3,1013.4,0,0.2,52.3,7.3,,6387.8,34,80.54
4/02/2020,37.7,16.5,1009.1,0,0,54.6,6.5,,7272.4,15.2,40.27
5/02/2020,33.5,35.1,1008.4,0,0.1,63.7,11.7,,6924.7,14.9,40.27
6/02/2020,29.1,51.1,1008.8,0,0.1,63.3,13.3,,5967.2,36.4,80.54
7/02/2020,27.8,50.2,1008.9,0,0,59.1,12.2,,5477.3,12.7,0
10/02/2020,27.9,25.5,1011.3,0,0.1,43.1,5.9,,5199.1,34,402.72
11/02/2020,30.5,31.5,1010.5,0,0,53.1,8.8,,5858.3,15.3,120.82
12/02/2020,31.1,39,1011.7,0,0.1,60.1,11.2,,6109.4,14.9,80.54
13/02/2020,33.2,32,1010.4,0,0.1,60.2,10.5,,6467.2,36.5,0
14/02/2020,35.5,28.4,1007.9,0,0,62.5,10.4,,6967.2,14.7,40.27
17/02/2020,29.4,32.5,1017.8,0,0.2,50.9,8.3,,5554.7,36.1,0
18/02/2020,29.4,29.6,1015,0,0.1,49,7.6,,5408.4,12.7,40.27
19/02/2020,32.6,28.1,1011.1,1.5,0.1,55.4,8.9,,6121.5,13.5,40.27
20/02/2020,33.5,22.7,1012.1,0,0.1,52.4,7.3,,6587.6,35.9,0
21/02/2020,29.6,29.1,1013.6,0,0,49.1,7.6,,5362.6,9.7,0
24/02/2020,29.1,47.9,1011,1.3,0,61.1,12.5,,6559.9,36.2,0
25/02/2020,30.3,48.6,1011.5,9.1,0.1,64.4,13.3,,6560.6,15.1,40.27
26/02/2020,26.2,65,1012.7,14.1,0.2,62.7,14.3,,5638.5,12.5,161.09
27/02/2020,23.2,74.7,1010,28.4,0.2,58.3,13.8,,4819.5,36.1,0
28/02/2020,27.5,54.5,1006.8,8.5,0,60.8,13,,5379.8,9.9,0
3/03/2020,29.4,27,1014.6,0,0,47,6.8,,5423.7,12.7,40.27
4/03/2020,30.7,21.4,1010.6,0,0,46.1,6,,5296.2,15.9,120.82
5/03/2020,29.3,30.9,1006.3,0,0.1,50,8,,5200.8,36.8,0
6/03/2020,24.5,54.5,1009,0,0.1,52.4,10.9,,4741.6,12.5,120.82
9/03/2020,31,32.8,1012.7,0,0.1,54.5,9.1,,5806.1,40.3,0
10/03/2020,32.3,26.5,1011.1,0,0,53,8,,5647.1,14.9,40.27
11/03/2020,31.9,28.9,1009.2,0,0,53.9,8.5,,5417.5,12.7,0
12/03/2020,27.8,45.2,1012.4,0,0.1,55.9,10.9,,5075.5,32.8,80.54
13/03/2020,29.6,33.9,1015.9,0,0.2,52.1,8.8,,5159.7,12.4,0
16/03/2020,25,52.8,1012.4,0,0,52.4,10.7,,4965.1,28.3,0
17/03/2020,20.8,71.6,1013.3,17.4,0,49.4,11.2,,4208.7,7.1,40.27
18/03/2020,21.8,43.9,1019,1.6,0.1,40.6,7.3,,3628.8,4.7,0
19/03/2020,21.5,48.2,1022.6,0,0,41.5,7.8,,3409.8,19.7,926.25
20/03/2020,27,41.8,1019.2,0.6,0.1,50.9,9.3,,3898.7,4.7,0
23/03/2020,30.1,31.2,1018.1,0,0.1,51.3,8.2,,4776.2,18.3,0
24/03/2020,31.3,25.4,1015.6,0,0.1,50.2,7.3,,4665.2,2.4,0
25/03/2020,31.6,24.9,1014.7,1.2,0.1,50.9,7.5,,4646.9,2.3,40.27
26/03/2020,33.8,26,1013.6,0,0,55.9,8.5,,4793.4,16.1,0
27/03/2020,26.4,61.8,1011.7,0,0.1,61.7,13.8,,4608.5,2.2,0
30/03/2020,21.8,44.2,1017.7,0.9,0.1,40.6,7.3,,3255.4,18.3,241.63
31/03/2020,23,47.2,1016.5,0,0.1,44.4,8.4,,3178.8,0,201.36
1/04/2020,24.7,45.1,1012.9,0,0.1,47.7,9,,3085.2,5.6,201.36
2/04/2020,22.5,51.9,1012.5,0.3,0.2,45.7,9.1,,3025.8,20.7,0
3/04/2020,19.9,42.6,1018.1,0,0,35.4,6.1,,2773.4,2.2,3060.65
6/04/2020,29,23.1,1012.2,0,0.2,43.9,5.8,,3099.2,23.8,0
7/04/2020,30.8,30.5,1011.2,0,0,52.4,8.4,,3311.3,0,0
8/04/2020,30.4,31.2,1011.7,0,0,53,8.7,,3462.5,0,0
9/04/2020,31.6,31.2,1014.6,0,0,55.3,9.2,,3511.8,22.7,0
14/04/2020,23.1,48.6,1017.7,0,0,45.4,8.7,,3001.1,5,0
15/04/2020,22.3,52.6,1020.4,0,0,45.3,9,,2895.7,7.7,0
16/04/2020,22.4,45.1,1020.7,0,0,42.2,7.7,,2672,20.3,604.08
17/04/2020,24.9,35.4,1016.7,0,0,42.9,7,,2780.9,0.6,120.81
20/04/2020,21.4,53.2,1014.5,3.3,0,43.5,8.6,,2481.2,19.3,563.8
21/04/2020,22.4,59.8,1015.5,2.1,0,48.9,10.4,,2761,7.2,120.81
22/04/2020,21.5,68.1,1016,9.8,0,50.2,11.2,,2587.8,4.9,0
23/04/2020,22.6,57.9,1018.9,4,0,48,10,,2326.1,26.6,0
24/04/2020,21.5,62.8,1017.4,0,0,47.9,10.3,,2319.9,5,161.09
27/04/2020,21.1,58.5,1018.6,0,0,44.7,9.3,,1592.2,19.3,0
28/04/2020,19.8,41.1,1021.4,0.9,0.1,35.1,6,,2146.2,5.1,1369.24
29/04/2020,19.4,33.8,1027.1,0,0.1,31.5,4.7,,2116.5,2.5,4510.43
30/04/2020,19.2,32.8,1028.1,0,0.1,30.7,4.5,,1982.8,19.4,5074.24
1/05/2020,21.4,28.6,1023,0,0.1,33.2,4.6,,2202.4,2.3,3020.38
4/05/2020,20.1,84.7,1013.6,15.7,0,52.9,12.9,,2310,22,523.53
5/05/2020,20.7,63.9,1009.3,13,0.1,46.2,10,,2243.4,0,1047.07
6/05/2020,14,67,1014.3,25.8,0.1,31.2,6.8,,2143.4,2.5,9544.39
7/05/2020,16.2,74.2,1020,12.3,0,38.4,8.7,,2116.3,21.7,6886.46
8/05/2020,16.9,50.4,1022.1,2.4,0,32.4,6.1,,2139.4,2.5,8014.07
11/05/2020,19.9,55.2,1022,0,0,40.5,8,,2211.2,21.5,8376.52
12/05/2020,20.3,54.2,1024.3,0,0,41.1,8.2,,2213.1,2.4,4349.34
13/05/2020,23.7,31.5,1021.7,0,0.1,38,5.6,,2280.6,5.2,3141.19
14/05/2020,24.4,24,1020.6,0,0,35.7,4.4,,2278,17.5,2134.4
15/05/2020,21.4,48.8,1020.4,0,0,41.9,8,,2254.7,0,6081.03
18/05/2020,17.7,47.8,1024.9,0,0.1,33,6,,2085.6,12.8,10309.56
19/05/2020,16.8,46.4,1028.4,0,0,30.8,5.5,,2086.5,2.4,12081.51
20/05/2020,17.2,55.4,1028.3,0,0,34.5,6.8,,2134.8,2.6,12725.86
21/05/2020,18.5,47.5,1025.9,0,0,34.4,6.3,,2196.9,0,9544.4
22/05/2020,20.9,34.7,1021.7,0,0.1,34.3,5.2,,2285.8,2.5,6524.02
25/05/2020,14.2,68.3,1005.1,64.9,0,32.2,7.1,,2147,7.6,10148.47
26/05/2020,15,74,1019.5,10,0,35.4,8,,2210.3,2.4,10792.82
27/05/2020,16.9,72.5,1020.1,11.7,0,39.3,8.8,,2150.5,7.5,5476.95
28/05/2020,17.5,80.8,1017.2,23.1,0.1,43.6,10.3,,2239.4,0,4872.87
29/05/2020,16.6,84.9,1011.9,39.9,0.1,43,10.4,,2266.3,2.6,6564.29
2/06/2020,17.8,61.9,1024.6,0,0.1,38.1,8,,2188.6,2.6,6322.66
3/06/2020,21.5,43.2,1022.5,0,0,39.3,7,,2186.6,2.5,2939.83
4/06/2020,23,42.1,1022,0,0.1,42.1,7.5,,2197.5,2.4,442.99
5/06/2020,21.7,52.6,1022.4,0,0.1,43.7,8.6,,2237.3,2.3,2053.86
8/06/2020,19,44.5,1020.5,0,1,34.8,6.2,,2287.1,2.4,3423.09
9/06/2020,21.2,32.6,1018.7,0,0.6,34,5,,2208.3,2.4,3060.65
10/06/2020,20.2,44.2,1013.4,0,0.1,37.9,6.9,,2317.8,2.6,1288.69
11/06/2020,19,83,1007.1,43.1,0,49.1,11.8,,2338.3,2.6,1006.79
12/06/2020,16.2,66,1012.4,24,0,36,7.7,,2384.1,2.4,7490.54
15/06/2020,17.3,66.3,1025.3,0.9,0,38.4,8.3,,2300.2,2.7,4550.7
16/06/2020,19.1,46.6,1021.2,0,0,35.7,6.5,,2237.5,2.6,5154.78
17/06/2020,19.2,58.9,1010,11.5,0.1,40.8,8.5,,2381.3,2.6,4067.44
18/06/2020,15.4,61.7,1016.9,22.9,0,32.8,6.8,,2253.6,2.3,11638.52
19/06/2020,16,56.5,1026.2,0,0.1,32.2,6.4,,2307.9,2.5,12363.41
22/06/2020,19.4,33.9,1011.4,9,0.1,32,4.9,,2341.9,4.8,4590.98
23/06/2020,18.7,57.4,1014.2,4.2,0.2,38.9,7.9,,2322,2.5,7812.71
24/06/2020,17,60.6,1021.3,1.2,0,35.9,7.4,,2367,2.3,9947.11
25/06/2020,17.3,53.2,1018.8,1,0,34.1,6.6,,2396.2,2.5,10873.36
26/06/2020,18.6,62.9,1013.8,1.8,0,40.4,8.5,,2393.6,2.5,8094.61
29/06/2020,16.2,67.9,1010.7,21,0,36.6,8,,2394.2,2.5,10510.91
30/06/2020,17.1,77.3,1014.5,16.2,0.1,41.8,9.7,,2401.9,2.5,8537.6
1/07/2020,14.7,64.6,1020.7,7.2,0,32.2,6.9,,2353.1,5,10027.66
2/07/2020,15.2,59.3,1026.1,0,0,31.3,6.4,,2381.5,2.6,13370.21
3/07/2020,17.1,52.2,1027.6,0,0.1,33.5,6.4,,2379.9,0,12605.04
6/07/2020,16.3,73.5,1016.7,14,0.8,38.1,8.6,,2316.8,2.3,11437.17
7/07/2020,15.5,74.9,1021.3,9,0.1,36.8,8.4,,2291.6,2.3,10108.2
8/07/2020,14.8,71.6,1023,3.3,0,34.1,7.6,,2351.3,2.6,10953.91
9/07/2020,14.8,61.1,1025.8,0,0,31,6.4,,2587,4.9,12363.41
10/07/2020,13.3,57.1,1029.1,0,0.1,27,5.4,,2588.2,2.5,16108.68
13/07/2020,17.1,82.8,1012.3,39.8,0.1,43.7,10.5,,2646.8,5,12967.49
14/07/2020,15.8,56.6,1013.2,37.4,0,32.4,6.5,,2636.4,2.6,13491.02
15/07/2020,15.9,66.8,1016.1,1.5,0.1,35.6,7.7,,2702.4,4.8,11678.79
16/07/2020,17.4,80.6,1010.6,6.1,0,43.9,10.4,,2707.4,2.5,9665.21
17/07/2020,12.9,75.9,1013.3,36.6,0.1,31.3,7.2,,2582.1,5,13813.2
20/07/2020,16.2,52.3,1024.9,0,0.1,31.6,6,,2649.4,2.6,17236.29
21/07/2020,18.4,49,1020.5,0,0.1,35.2,6.6,,2577.8,2.5,11155.26
22/07/2020,20.7,44,1017,4.2,0.1,38,6.7,,2676.7,4.8,8819.5
23/07/2020,17.4,55.8,1020,5.7,0,35.3,7,,2555.2,5,9463.85
24/07/2020,15.9,61.7,1024.5,0,0,33.6,7,,2544.9,2.5,15021.35
27/07/2020,21.9,51.9,1017.5,9.8,0,43.8,8.6,,2737.2,2.5,8900.05
28/07/2020,17.2,67.4,1022,0.9,0,38.4,8.3,,2705.5,5,9141.68
29/07/2020,18.5,51.8,1023.8,0,0,36.3,6.9,,2724.9,2.5,9101.41
30/07/2020,18.2,56.8,1019.9,0,0,37.3,7.5,,2770.8,4.9,11114.99
31/07/2020,17.7,64.4,1020.9,2.1,0,38.7,8.3,,2667.2,5,9383.31
3/08/2020,10.9,87.1,1008.8,41.7,0,29.4,7.3,,2625.1,5,22713.24
4/08/2020,13.5,66.4,1010.9,0,0.1,30.2,6.6,,2660.9,4.7,20417.76
5/08/2020,17.8,56.6,1019.3,0,0,36.3,7.3,,2725.9,2.6,17357.1
6/08/2020,16,51.8,1025.3,0,0.1,31,5.9,,2667.6,5,17115.48
7/08/2020,14.2,60,1023,0,0.1,29.7,6.1,,2625.9,5.1,18162.54
10/08/2020,15.8,76.6,1001.1,42,0.1,38.5,8.9,,2645.8,5,18847.16
11/08/2020,16.8,69.1,1009.9,14,0.1,38.4,8.5,,2661,2.5,15061.62
12/08/2020,15.1,66.9,1015.7,0.3,0,33.8,7.4,,2632.6,5,14336.73
13/08/2020,14.9,64.3,1018.1,2.4,0,32.4,6.9,,2630,5,14417.27
14/08/2020,14.9,83,1016.7,3.9,0,37.7,9,,2697.1,2.5,14739.44
17/08/2020,15.5,62.9,1013.2,10.8,0.1,33.6,7.1,,2674.7,2.5,19370.69
18/08/2020,14.9,72.3,1017.4,10.8,0,34.7,7.8,,2672.4,5,17196.02
19/08/2020,15.8,58.4,1020.6,0,0,32.7,6.7,,2679.6,5.1,15222.71
20/08/2020,17.1,52.1,1021.7,0,0,33.4,6.4,,2796.9,5.1,13329.93
21/08/2020,16.8,55.5,1023,0,0.1,33.8,6.7,,2702.6,4.1,12323.14
24/08/2020,18,53.2,1021.9,0,0,35.7,6.9,,2823.1,5.2,14779.72
25/08/2020,19.1,44.3,1023.3,0,0,34.6,6.1,,2841.6,5.1,11235.81
26/08/2020,18.9,53.7,1026.6,0,0,37.7,7.4,,2832.2,2.6,10591.46
27/08/2020,22.3,43.4,1023.4,0,0,40.8,7.2,,2915.9,5.2,9061.14
28/08/2020,20.2,57.2,1014.6,6.6,0,41.9,8.5,,2816,5.2,6805.92
31/08/2020,18.7,48.4,1014.1,3.1,0.1,35.9,6.7,,2688.9,5.2,13007.76
1/09/2020,14.7,61.3,1011.2,29.7,0,31.4,6.5,,2710.6,5.3,16632.21
2/09/2020,17,62.2,1014.6,12,0,36.6,7.7,,2576.4,6.2,12443.96
3/09/2020,17.8,59.3,1019.5,0.6,0,37.4,7.7,,2760.4,5.2,9423.58
4/09/2020,19.5,57.7,1019.4,0,0.1,40.7,8.3,,2890.6,5.1,5597.77
7/09/2020,15.9,65.5,1014,24.9,0,35.1,7.6,,2699.3,5.3,12605.05
8/09/2020,18,53.7,1021.5,1,0,35.9,7,,2876.4,7.7,10188.74
9/09/2020,21.5,53.5,1012.3,2.2,0.1,44.1,8.8,,2962.5,5.2,8054.34
10/09/2020,17.1,51.5,1015,5.2,0,33.6,6.4,,2995.7,5.2,7852.99
11/09/2020,17.6,44.9,1022.1,0,0.1,32.2,5.7,,2779.3,5,9222.22
14/09/2020,23,35.4,1020.7,0,0,39.1,6.3,,3159.1,5.2,6483.75
15/09/2020,25.4,36.9,1016.3,0,0.1,45.2,7.7,,3163.6,5.1,1691.41
16/09/2020,19.7,46.2,1020.8,0,0.1,37,6.8,,3026.2,5.3,5235.32
17/09/2020,17.9,42.9,1023.8,0,0.1,32,5.5,,3202.1,7.7,8416.79
18/09/2020,19.8,37.1,1015.1,0,0,33.6,5.4,,3117,5.3,8618.15
21/09/2020,16.7,52.8,1021.4,2.5,0,32.9,6.4,,2996.6,7.6,15826.79
22/09/2020,17.7,69.8,1022.7,0.6,0.1,40.3,8.9,,3184.6,5.1,9987.38
23/09/2020,23.3,36.3,1022.2,0,0.1,39.6,6.4,,3247.3,6,7007.28
24/09/2020,25.8,27,1015.8,0,0.2,39.8,5.4,,3529.5,23.4,3060.65
25/09/2020,21.7,47.6,1012.8,0,0,42.2,8,,3190.2,2.4,1409.51
29/09/2020,18.3,66.6,1018.6,1.4,0.1,41,8.9,,3199.9,5.3,9101.41
30/09/2020,19.5,65.2,1016.4,0,0,43.6,9.5,,3211.1,6.9,3100.92
1/10/2020,19.8,53.6,1013.5,0,0,40.2,8,,3236.2,22.6,3141.19
2/10/2020,14.9,69.2,1015.7,11.6,0,34,7.5,,2965.3,7.8,7772.44
5/10/2020,18.1,34.4,1031.3,0,0,29.5,4.5,,3228.5,5.2,14699.17
6/10/2020,19.8,29.8,1024.5,0,0,30.8,4.3,,3315.5,7.8,10390.1
7/10/2020,20.6,37.2,1014.1,18.4,0.1,35.3,5.7,,3375.4,6.1,9061.13
8/10/2020,19.6,54.7,1014.2,3.4,0,39.9,7.9,,3394,25.5,5275.59
9/10/2020,20.8,46.2,1016.4,0,0,39.4,7.3,,3434.4,4.8,6282.39
12/10/2020,25.4,39.3,1016.6,0,0.1,46.5,8.2,,3658.7,5.1,2134.4
13/10/2020,26.8,39.4,1013.2,0,0.1,49.5,8.9,,3830.4,7.6,644.35
14/10/2020,21.3,61.1,1014.6,0,0.2,46.7,9.9,,3648.3,8.9,1248.42
15/10/2020,20.1,54.3,1017.8,0,0.1,40.9,8.1,,3405.1,27.4,4349.35
16/10/2020,22.6,43,1016.3,0,0.1,41.7,7.5,,3545.8,7.7,2577.39
19/10/2020,25.3,38.4,1010.2,0,0.1,45.8,8,,4011.6,5.2,0
20/10/2020,23.3,50.3,1012.7,0,0.1,47.1,9.3,,3792.6,7.5,604.08
21/10/2020,23.2,40.1,1012.6,0,0.2,42,7.3,,3689,6.3,1248.42
22/10/2020,21.7,42,1015.8,0,0.1,39.5,7,,3593.1,36.5,2456.57
23/10/2020,23.7,37.3,1015.8,0,0.1,41.4,6.9,,3622.9,5.3,1852.5
26/10/2020,24.1,44,1010.5,0,0.1,45.6,8.4,,4595.1,7.7,322.17
27/10/2020,22.6,50.6,1013.7,0.3,0.1,45.4,8.9,,4127.7,5.4,322.17
28/10/2020,23.2,43.2,1017.5,0.7,0.1,43.2,7.8,,3927.5,7.7,402.72
29/10/2020,27.5,30.2,1017.2,0,0.1,45.2,6.9,,4280.6,36.6,765.16
30/10/2020,32.4,19.5,1011.7,0,0.1,48,6,,4908.3,5.1,0
2/11/2020,19.9,59.7,1009.3,10,0.1,42.9,9,,3587.2,5.3,2577.39
3/11/2020,20.5,54.2,1020.4,0.3,0.2,41.7,8.3,,3609.1,5.3,2456.57
4/11/2020,23,39.5,1024.1,0,0.1,40.7,6.9,,3738.5,7.7,1087.34
5/11/2020,26.3,38.8,1018.6,0,0.1,48.1,8.5,,4010.8,36.1,845.71
6/11/2020,26.3,39,1016.3,0,0.2,48.1,8.5,,4174.2,5,40.27
9/11/2020,16.9,83.2,1005.3,34.7,0.1,43.7,10.5,,3498.3,5,3463.37
10/11/2020,16.9,58,1013.4,24.2,0.2,35.2,7.2,,3238.6,7.8,5033.96
11/11/2020,18.7,47.2,1017.9,0,0.1,35.4,6.5,,3443.2,5.3,4711.79
12/11/2020,20.9,47.4,1015.1,0,0.1,40,7.5,,3620.3,36.7,2980.1
13/11/2020,20.5,67.5,1008.5,26,0.1,47.3,10.5,,3524.7,7.7,2094.13
16/11/2020,22.2,45.8,1018.6,0,0,42.3,7.8,,3598.8,5.2,1771.96
17/11/2020,21.2,56.6,1014,0,0.1,44.6,9.2,,3586.1,8,1288.69
18/11/2020,23.3,60.5,1014.8,0,0.1,51.9,11.2,,3867.6,6.5,523.53
19/11/2020,22.5,51.4,1015.3,0,0.1,45.4,9,,3882.8,32.1,765.16
20/11/2020,23.5,56.8,1014.5,0,0.1,50.5,10.6,,3867.9,7.7,523.53
23/11/2020,31.7,21.7,1015.6,0,0,48.2,6.4,,4967,10.2,0
24/11/2020,28.3,35.5,1008.6,0,0.1,50.2,8.5,,4868.2,13.6,0
25/11/2020,25.2,47.3,1011,0,0.1,50.2,9.7,,4326.2,7.8,0
26/11/2020,22,58.4,1010.7,0,0.1,47.6,10,,4095.4,35.1,0
27/11/2020,21.1,50.2,1014.5,0,0.1,41.7,8.1,,3705.6,7.4,563.81
30/11/2020,17.3,50.1,1014.4,15,0,33.3,6.3,,3104.9,7.8,2335.76
1/12/2020,20.1,38.7,1021.8,0,0.1,35,5.8,,3460.4,5,2698.2
2/12/2020,24.7,35.9,1017.1,0,0.1,42.7,7,,3716.5,7.9,281.9
3/12/2020,25.3,45.1,1012.8,0,0.1,49.2,9.3,,4016,30.5,241.63
4/12/2020,21.4,54.9,1014.8,0,0.1,44.3,9,,3679,7.8,281.9
7/12/2020,29.1,28.5,1016.3,0,0.1,47.4,7.1,,4532.1,7.3,201.36
8/12/2020,34.7,19.6,1008.4,0.3,0.1,52.4,6.8,,5469.9,7.5,0
9/12/2020,30.2,38.7,1004.8,0,0.1,58.1,10.8,,5165.3,12.7,0
10/12/2020,33.9,26.9,1005.7,0,0.1,57.8,9.2,,5979.1,36.6,0
11/12/2020,30.5,41.9,1005.9,0,0.1,61.2,11.9,,5792.7,7.4,0
14/12/2020,21.1,39.6,1015.8,0.9,0.1,37.3,6.3,,4115.6,7.6,442.99
15/12/2020,25.1,37.2,1016.5,0,0,44.5,7.6,,4147.4,7.5,402.72
16/12/2020,25.6,42.2,1012.2,0,0.1,48.8,9,,4185.2,10.7,80.54
17/12/2020,26.7,37.1,1012.5,0,0.1,48.1,8.3,,4262.4,36.2,0
18/12/2020,27.8,36.1,1011.4,0,0.1,50.1,8.6,,4413.6,7.2,0
21/12/2020,28.5,31,1013.5,0,0.1,48,7.6,,4030,4.7,0
22/12/2020,31.7,26.1,1012.1,0,0.1,51.5,7.7,,4195.7,3.2,0
23/12/2020,36.3,14.9,1010.1,0,0.1,50.7,5.5,,4805,2.2,0
24/12/2020,37.6,12.3,1008.3,0,0,51.1,5.1,,5446.2,27.9,0
11/01/2021,26.5,38.6,1015.1,0,0.1,48.4,8.5,,6092.8,11.1,40.27
12/01/2021,27,40.7,1010.9,0,0.1,51.1,9.4,,5393.9,33.7,0
13/01/2021,29,31.3,1014.8,0,0.1,49.1,7.8,,5005.4,12.8,0
14/01/2021,29.6,29.9,1015.7,0,0.1,49.6,7.8,,4935.7,33.6,40.27
15/01/2021,29.3,21.3,1015.1,0,0.1,43.2,5.4,,4857.2,13.9,0
18/01/2021,30.3,29.4,1012.2,4.2,0.1,51.7,8.3,,6806.7,7.4,0
19/01/2021,32.8,32.3,1008.8,0.7,0.1,59.2,10.2,,7021.9,27.2,0
20/01/2021,27.8,58.2,1009.1,0,0.1,64.2,14.2,,5978.6,16.7,0
21/01/2021,31.5,38.9,1008.6,0,0.1,61.6,11.7,,6073.3,37.3,0
22/01/2021,31.1,37.4,1003.6,0,0.1,59.1,10.9,,5658,11.3,0
25/01/2021,25.2,38.7,1008.6,0,0.1,45.6,8,,4930,7.6,0
27/01/2021,23.4,51.3,1009.6,0,0.1,47.7,9.5,,4566.1,11.4,201.36
28/01/2021,27,42.6,1012.6,0,0.2,52.1,9.8,,4674.6,39.6,201.36
29/01/2021,30.7,24.3,1012.6,0,0.2,47.4,6.5,,5057.2,11.9,0
1/02/2021,32.7,22.7,1012.7,0,0.1,50.1,6.7,,6133.1,2.3,0
2/02/2021,31.4,30.5,1009.8,0,0,54.6,9,,3343.3,30.7,0
3/02/2021,29.3,50.4,1008.1,0,0.1,63.5,13.3,,2876.6,7.8,0
4/02/2021,24.9,26.6,1012.4,0,0.2,38.3,5.2,,2280.3,29.8,201.36
5/02/2021,24,31.7,1010.8,0,0.1,39.5,6,,2156.1,6.5,201.36
8/02/2021,22.1,71.1,1003.9,16.1,0.1,53.6,12.3,,3572.5,2.4,241.63
9/02/2021,23.7,50.1,1009.2,0.7,0.1,47.8,9.4,,3703.9,35.6,0
10/02/2021,21.5,47.2,1012.7,2.1,0.1,41.3,7.7,,3291,2.4,483.26
11/02/2021,22.5,46.3,1014,0,0.1,43.3,8.1,,3453.3,5,966.52
12/02/2021,25.8,41.4,1013.2,0,0.1,48.4,8.8,,3784.3,26.2,765.16
15/02/2021,33.9,26.3,1008.3,3.1,0,57.1,9,,6550.2,9.9,0
16/02/2021,27.7,59.8,1007.3,0,0.1,65,14.6,,5671.4,31.9,0
17/02/2021,24,65.5,1006.8,0,0.1,56.6,12.8,,4487.4,8.6,0
18/02/2021,21.3,43.6,1012.8,3.2,0.2,39.4,7.1,,3925.5,7.6,523.53
19/02/2021,22.5,42.3,1017.2,0,0.1,41.5,7.4,,3757.2,31.2,1006.79
22/02/2021,33.5,27.6,1012.8,0,0,56,8.7,,6002,7.4,0
23/02/2021,35.4,15.8,1012.8,0,0,50.5,5.8,,6161.1,31.8,0
24/02/2021,29.9,38.8,1013,0,0.1,57,10.5,,5405.6,22,0
25/02/2021,27.1,49.5,1011.2,0,0.1,56.7,11.5,,4886.2,17.4,0
26/02/2021,27.4,40.4,1009,0,0,51.6,9.4,,4628.4,20.8,0
2/03/2021,27.5,51,1008.8,4.9,0.1,58.5,12.1,,4946.7,21.4,0
3/03/2021,24.3,75.5,1007.6,18,0,62,14.8,,4477.9,33,0
4/03/2021,25.5,67.7,1007.8,6.1,0.1,62.3,14.4,,4763.4,20.2,0
5/03/2021,24.9,65.3,1011.6,10.6,0.1,59,13.3,,4551.3,22.3,0
8/03/2021,28.7,47.3,1012.6,0,0.1,59.3,11.9,,5796.7,7.4,0
9/03/2021,31.9,37.1,1009.4,0,0.1,60.8,11.2,,5939.5,24.4,0
10/03/2021,27.5,63.4,1007.6,0,0.1,66.2,15.1,,5566.1,32.3,0
11/03/2021,25.4,68,1010.9,2.8,0.1,62.1,14.4,,4977.4,19.9,0
12/03/2021,23.6,64.3,1017.3,10.7,0.1,54.4,12,,4400.5,21.4,0
15/03/2021,27.8,24.9,1018.2,0,0.1,43,5.9,,4516.4,10.1,201.36
16/03/2021,31.2,20.7,1013.5,0,0,46.7,6,,4955,23.5,0
17/03/2021,27.8,46.4,1013.1,0,0.1,56.5,11.2,,4795.4,33.9,0
18/03/2021,29,45.5,1014.8,0,0,58.9,11.6,,4815.1,22.5,0
19/03/2021,34.2,17.3,1014.7,0,0,49.4,5.8,,5224.2,35.8,0
22/03/2021,24.3,60.2,1012.8,0,0.1,54.7,11.9,,5451.3,15.3,0
23/03/2021,21.9,38.9,1016.3,0,0.1,38.5,6.5,,4103.7,23.5,1087.34
24/03/2021,21.8,42.3,1015,0,0.1,39.8,7,,3872.9,32.9,1167.88
25/03/2021,22.6,43.9,1012.6,0,0.1,42.2,7.7,,3705.8,17.4,1328.97
26/03/2021,24.2,47.5,1014.6,0,0.1,47.7,9.2,,3977.7,24.6,684.62
29/03/2021,32.8,28.1,1011.8,0,0,55.4,8.8,,4947.3,9.7,0
30/03/2021,27.3,62,1014,8.7,0.1,64.7,14.6,,4786.6,22.1,0
31/03/2021,23.8,69.7,1013.8,9.6,0.1,57.6,13.2,,4093.5,34.3,0
1/04/2021,29.4,40.9,1009.7,0.4,0.1,56.7,10.6,,4762.2,17.6,0
6/04/2021,24.3,58.8,1013.4,0,0,53.6,11.5,,4718.9,22,161.09
7/04/2021,23.8,63.7,1013.2,2.1,0,54.8,12.1,,4412.8,31.6,0
8/04/2021,23.4,49.6,1014,0.6,0.1,46.8,9.2,,4050.9,17.5,322.17
9/04/2021,24.2,49.8,1017.4,0,0.1,48.6,9.5,,3975.4,23.2,241.63
12/04/2021,20.8,74.4,1005,10.4,0.1,51.2,11.9,,3797.1,9.7,483.26
13/04/2021,19.7,48,1020.2,0,0.1,37.4,6.9,,3539.9,21.3,2053.86
14/04/2021,20.6,48.1,1024.8,0,0,39.4,7.4,,3400.5,20.7,2255.22
15/04/2021,22.3,44.9,1025.2,0,0.1,41.8,7.6,,3506.1,7.6,2295.49
16/04/2021,23.1,41.3,1025,0,0.1,41.8,7.3,,3543.1,21.2,1449.78
19/04/2021,21,55.9,1018.7,0,0.1,43.7,8.9,,3644,7.7,1248.42
20/04/2021,22.9,54.7,1019.8,0,0,47.8,9.7,,3782.1,23.5,1651.14
21/04/2021,23.7,44.2,1022.3,0,0,44.7,8.2,,3710.7,17.9,1691.41
22/04/2021,22.3,44.7,1021.8,0,0,41.7,7.6,,3588.6,9,1570.6
23/04/2021,24.8,39.6,1018.4,0,0,44.6,7.7,,3717.1,21.5,966.52
27/04/2021,25.9,37.2,1019.8,0,0,45.5,7.7,,3464.7,18.7,402.72
28/04/2021,26,41.6,1019.4,0,0,48.3,8.7,,3476.3,14.8,1087.34
29/04/2021,22.5,75.2,1014.2,21.5,0.1,56.4,13.3,,3419,2.7,805.43
30/04/2021,18.6,47.4,1020.4,1.5,0.1,35.1,6.4,,2930.6,16.2,4510.43
3/05/2021,23.2,34.7,1018,0,0.1,39.2,6.2,,3170,5.4,3825.81
4/05/2021,19.7,81.1,1012.5,42.4,0.1,50.3,12,,3140.5,18.7,2778.75
5/05/2021,20.4,72.7,1006.7,53.3,0.1,49.1,11.2,,3217.7,15.2,2939.83
6/05/2021,21,70.5,1011.2,11,0,49.8,11.3,,3308.5,5,1812.23
7/05/2021,19.9,60.6,1018.3,0,0.1,42.8,8.9,,3099.2,16.7,3423.1
10/05/2021,21.3,51.9,1023.1,0,0.1,42.4,8.3,,3263.5,8,5235.32
11/05/2021,24.8,36.8,1017.3,0,0.1,43.2,7.2,,3479.4,0,0
12/05/2021,20.8,66.8,1019.2,5.6,0.1,47.6,10.5,,3506.8,,
13/05/2021,18.9,47,1023.7,0,0.1,35.6,6.5,,3300.1,,
14/05/2021,18.5,52.9,1022.2,0,0.1,36.9,7.2,,3275.6,,
17/05/2021,23.7,51.7,1014.5,0.6,0,48.3,9.6,,3493.7,8,1047.06
18/05/2021,21.8,72.5,1015.5,0.6,0,52.7,12.1,,3659.3,10.5,1006.79
19/05/2021,21.5,59.6,1018.4,0,0.1,46.3,9.7,,3493.1,7.9,1812.23
20/05/2021,21.4,59.7,1021.7,0,0,46.1,9.7,,3357.8,11.1,2255.22
21/05/2021,20.7,62.9,1019.6,0,0,45.6,9.8,,3324.1,7.6,2899.56
24/05/2021,12.9,82.2,1017.1,34.6,0,32.8,7.8,,3169.2,8.1,12886.95
25/05/2021,16.5,55.6,1024.9,0,0,33.2,6.5,,3373.5,10.4,10591.46
26/05/2021,17.1,53.1,1023.3,0,0.1,33.6,6.5,,3360.3,8.3,9947.11
27/05/2021,21.4,38.9,1019.1,0,0.1,37.6,6.3,,3431.4,11.1,5436.68
28/05/2021,22,51.2,1015.7,22,0.1,44.1,8.7,,3364,7.8,2496.85
31/05/2021,16.5,57.8,1016.7,0.6,0.1,34.1,6.9,,3138.4,8,10873.36
1/06/2021,16.6,67.3,1021.4,0,0,37,8,,3338.9,10.2,12363.41
2/06/2021,17.2,61.2,1025.1,0,0,36.3,7.5,,3295,7.9,11759.34
3/06/2021,18.4,54.7,1026.7,0,0,36.8,7.2,,3335.7,8.3,11235.81
4/06/2021,18.2,56.2,1024.5,0,0,36.9,7.4,,3301.6,8.1,11155.26
8/06/2021,15,55.1,1023.2,0,0.2,30.1,6,,3188,8.1,16994.66
9/06/2021,14.4,66.9,1010.7,9.3,0.2,32.4,7.1,,3118.2,7.9,13853.46
10/06/2021,18.7,85.4,1007.3,34.1,0,49.2,12,,3456.1,8,5315.86
11/06/2021,17.6,75.9,1012,0.7,0,42.4,9.7,,3265,10.6,5879.67
14/06/2021,16.2,59.9,1017.2,17.1,0,34.2,7,,3089.3,7.8,12766.13
15/06/2021,14.2,84.6,1020.3,8.7,0,36.3,8.7,,3007.9,10.5,13329.94
16/06/2021,16,68.6,1025.5,0,0,35.8,7.8,,3061.7,8.1,11477.44
17/06/2021,15.8,69.1,1029.8,0,0,35.6,7.8,,3069.8,10.7,13893.74
18/06/2021,15.8,56.7,1027.5,0,0.1,32,6.3,,3010.6,8.2,14739.44
21/06/2021,12.6,62.7,1014.8,8,0.1,27.4,5.8,,3344.8,7.1,22954.87
22/06/2021,12.9,69.9,1021.8,1.2,0.1,29.4,6.5,,3307.1,10.9,21464.82
23/06/2021,14.2,66.8,1025.7,0,0,31.4,6.7,,3142.1,7.9,19249.87
24/06/2021,14.6,62,1027.6,0,0,30.8,6.4,,3202.7,11.3,18283.35
25/06/2021,14.9,57.9,1025.6,0,0,30.4,6.1,,3119.9,11.1,17880.63
28/06/2021,18,66.7,1011.2,12.6,0.1,40.5,8.8,,3153.1,5.1,16028.14
29/06/2021,15.7,58.8,1016.7,40.6,0.1,32.5,6.6,,2639.6,2.5,16430.86
30/06/2021,15.1,64.9,1024.2,0,0,33,7,,2515.9,0,14175.64
1/07/2021,15.7,79.9,1024.5,2.2,0,38.7,9,,2649.8,2.5,12443.96
2/07/2021,16.2,62.9,1024.1,0,0.1,34.6,7.2,,2583.9,0,11719.07
5/07/2021,15.2,58.7,1012.2,26.6,0.1,31.8,6.5,,2928.1,5.1,17961.18
6/07/2021,16.1,79.2,1009.6,52.7,0.1,39.6,9.3,,3048.1,5.4,14940.8
7/07/2021,16.1,64.9,1011.8,25.9,0.1,35.4,7.6,,2996.2,5.1,14215.91
8/07/2021,17.1,66.4,1016,6.5,0.1,38.1,8.3,,2999.2,8.2,10309.56
9/07/2021,15.5,82.5,1008.1,33.4,0.1,39.4,9.4,,2997.7,5.3,12041.24
12/07/2021,18,77.1,1002.8,48.8,0.1,44.2,10.3,,3165.8,7.9,14377
13/07/2021,16.9,77.3,1003.6,47.7,0.1,41.5,9.7,,3174.3,8.3,9866.57
14/07/2021,16.4,64.4,1007.6,26.1,0.1,36.1,7.8,,3091.3,7.9,10470.64
15/07/2021,16,58.2,1016.7,20.4,0.1,32.9,6.7,,3132.9,8.2,12927.22
16/07/2021,15.6,85.6,1022.8,11.1,0,40.1,9.7,,3108.4,8.1,10470.64
19/07/2021,15.2,85.3,1018.8,1.8,0,39.1,9.4,,3186.1,8.2,14860.26
20/07/2021,13.5,96.4,1014.2,40.8,0.1,37.9,9.6,,3108.1,5.6,14014.55
21/07/2021,16.7,73.8,1010.7,2,0.1,39.8,9.1,,3147.7,8.2,12041.24
22/07/2021,15,65.1,1016.9,1.2,0,32.9,7,,3155.5,8.1,13128.57
23/07/2021,16.4,65.9,1015.2,16,0.1,36.5,7.9,,3070.2,8.1,9987.38
26/07/2021,16.7,79.7,1004.2,41.7,0.2,41.7,9.8,,3122.6,8,12484.23
27/07/2021,15.1,57,1004.3,15.9,0.1,31,6.3,,3083.5,8.1,12282.87
28/07/2021,16.1,75.5,1009.6,28.3,0.1,38.6,8.8,,3126.9,8.2,10752.55
29/07/2021,18.9,63.9,1002,29.1,0.1,42.2,9.1,,3276.9,8.4,6040.76
30/07/2021,14.2,63.8,1004.7,15,0.1,31.3,6.7,,3012,8.1,12443.96
2/08/2021,12.9,72.4,1025.1,0,0,30.3,6.9,,3269.3,8.1,19974.76
3/08/2021,15.4,61.5,1029.3,0,0,32.5,6.7,,3147.3,8,12202.32
4/08/2021,16.9,49.8,1032.1,0,0,32,5.9,,3142.5,8.3,15021.35
5/08/2021,17.2,45.9,1030,0,0,31.4,5.6,,3224,8.4,14054.82
6/08/2021,19.5,34.5,1023.5,0,0.1,31.7,4.8,,3231.3,10.8,10792.82
9/08/2021,17.2,60.1,1008,34.8,0.2,36.5,7.6,,3010.9,5.4,11235.81
10/08/2021,12.8,57.9,1013.5,27.8,0.1,26.6,5.4,,2967.9,8.3,12766.13
11/08/2021,15,65.7,1028.4,3.9,0,32.8,7,,3065.5,8.2,14054.82
12/08/2021,16.3,63.1,1030.1,5.1,0,34.9,7.3,,3118.7,8.5,11719.07
13/08/2021,18.1,40.6,1022.7,0,0.1,31.1,5.1,,3153.1,8,12000.97
16/08/2021,22.3,33,1024.6,0,0,36.9,5.7,,3387.4,11,10067.93
17/08/2021,22.1,59.3,1018.5,1.8,0.1,47.7,10,,3365.2,7.9,2980.11
18/08/2021,18.5,65.6,1015.1,0,0.1,41.2,8.9,,3298,8.1,4711.79
19/08/2021,16.1,84.7,1013.4,22.1,0,41.3,9.9,,3303.5,10.9,7571.08
20/08/2021,16.9,66.6,1018,24,0.1,37.7,8.1,,3145,8.2,7007.28
23/08/2021,16.3,48.7,1026.3,0,0,30.7,5.7,,3226.4,8.3,14779.72
24/08/2021,18.6,34.9,1022.5,0,0.1,30.6,4.7,,3271.5,11,12202.33
25/08/2021,20.7,40.5,1015.4,0.6,0.1,36.7,6.2,,3321,11.1,7732.17
26/08/2021,16.5,71,1015.2,14.7,0.1,38.4,8.6,,3185.8,10.9,9544.39
27/08/2021,15.6,56.9,1020,2.4,0.1,31.7,6.4,,3071.4,7.9,8900.05
30/08/2021,17.9,65.9,1014.5,9,0.1,40.1,8.7,,3179.3,8.4,9665.21
31/08/2021,18.7,68.8,1014.7,7,0.1,43,9.5,,3324.5,10.9,6604.56
1/09/2021,15.6,76.4,1008.6,36,0.1,38.1,8.8,,3197,10.8,6685.1
2/09/2021,12,64.4,1017.7,17.7,0.1,26.5,5.7,,3113.9,8.4,17719.55
3/09/2021,14.4,57.8,1026.6,5.5,0,29.6,6,,3131.3,8.3,16028.14
6/09/2021,22.5,24.9,1024.1,0,0.1,33.5,4.3,,3515.7,8.6,9987.38
7/09/2021,26,19.9,1019.1,0,0.1,36.8,4.2,,3627.9,10.7,5195.05
8/09/2021,22.8,58.9,1017.3,0,0.1,49.3,10.4,,3523.2,10.9,1570.6
9/09/2021,12.9,92.1,1018.8,31.7,0.1,35,8.7,,3181.7,25.3,8618.15
10/09/2021,16.4,63.8,1021.5,4.2,0.1,35.5,7.5,,3215.4,8.1,9866.57
13/09/2021,18.2,39.8,1020.7,0,0.1,31.5,5.2,,3256.4,8.5,14135.37
14/09/2021,20.2,38.7,1017,0,0,35.2,5.9,,3240.9,24.4,9665.21
15/09/2021,18.3,60,1010.5,24.3,0.1,38.8,8.1,,3187.9,9,9786.03
16/09/2021,14.6,62.4,1012.1,20.1,0.1,31.5,6.6,,3072.5,8.3,12605.04
17/09/2021,15.6,54.3,1022.1,2.4,0,31.1,6.1,,3050,8.1,11799.61
20/09/2021,19.5,46.9,1030.6,0,0.1,36.6,6.7,,3332.3,9.1,10430.37
21/09/2021,23.4,30.3,1027.9,0,0.1,37.6,5.5,,3640.4,22.7,5235.32
22/09/2021,26.1,17.6,1023.2,0,0,35.7,3.7,,3693.9,17.2,2376.03
23/09/2021,20.5,57.2,1021.4,0,0,43.1,8.8,,3534.6,10.6,3221.74
24/09/2021,18.7,41.8,1020.9,0,0.1,33.2,5.7,,3275.9,8.1,4953.42
28/09/2021,19.8,52,1016.4,0,0.1,39.4,7.7,,3348.5,21.2,4268.8
29/09/2021,20.6,61.6,1011.8,6.9,0.1,45.1,9.6,,3419,15.3,966.52
30/09/2021,20.8,64.9,1011.8,3.3,0.1,46.8,10.2,,3477,8.3,1006.79
1/10/2021,17,78.4,1005.8,32,0,42.2,9.9,,2905.4,2.6,2376.03
4/10/2021,17.5,54.8,1013.2,6.2,0,35.3,7,248,3203.4,8,9222.22
5/10/2021,16.4,55.5,1013.9,4.8,0,33.3,6.6,268,3142.2,24.2,8054.34
6/10/2021,16.2,38.9,1019,0,0,27.7,4.5,262,3187.3,15.3,966.52
7/10/2021,18.6,55.1,1016.8,1.8,0,37.9,7.6,288,3352.2,8.3,1006.79
8/10/2021,18,51.9,1018,0,0,35.5,6.9,248,3284.4,2.6,2376.03
11/10/2021,17,67.6,1012.6,11.7,0.1,38.5,8.5,251,3130.8,8,9222.22
12/10/2021,15.8,52.9,1020.2,3.9,0.1,31.2,6,281,3121.2,24.2,8054.34
13/10/2021,18.4,54.3,1021.4,0,0,37,7.3,304,3380,15.3,966.52
14/10/2021,20.5,47.8,1017.6,0,0,39.2,7.3,285,3447.5,8.3,1006.79
15/10/2021,29.5,20.2,1008.5,0,0.1,43,5.2,277,4033.1,2.6,2376.03
18/10/2021,22,46.8,1007.7,0,0.1,42.4,8,254,3856.3,8,9222.22
19/10/2021,18,75.4,1000,46.5,0.2,43.7,10.1,257,3483.1,24.2,8054.34
20/10/2021,18.5,69.2,1010.3,23.2,0.1,42.7,9.5,250,3413,15.3,966.52
21/10/2021,18.3,61.6,1016.5,6.3,0,39.4,8.3,298,3340.4,8.3,1006.79
22/10/2021,19.9,48.8,1023.2,0.6,0,38.3,7.2,320,3506.7,2.6,2376.03
25/10/2021,15.7,70.2,1009.5,34.3,0.1,36.3,8.1,244,3100.5,8,9222.22
26/10/2021,15.5,58.6,1010.2,36.4,0,32.2,6.6,287,3152.1,24.2,8054.34
27/10/2021,16.3,61.5,1008.8,26.4,0.1,34.9,7.3,275,3198.4,15.3,966.52
28/10/2021,17.6,44.4,1019,0,0.1,32.2,5.7,320,3308.9,8.3,1006.79
29/10/2021,19,45.2,1021.9,0,0,35.2,6.3,298,3388.9,2.6,2376.03
1/11/2021,17.2,47.6,1010.8,3,0.2,32.6,6,101,2892.1,8,9222.22
2/11/2021,18,54.4,1016.3,1.8,0.1,36.2,7.2,325,3376.9,24.2,8054.34
3/11/2021,20.5,51.4,1019.1,0,0.1,40.7,7.9,283,3588.9,15.3,966.52
4/11/2021,20.4,54.7,1014.9,0,0.1,42,8.5,314,3589.7,8.3,1006.79
5/11/2021,19.9,58.5,1016,0,0.1,42.2,8.7,303,3526.3,2.6,2376.03
8/11/2021,24.6,37.4,1007.9,0,0.1,43.8,7.5,268,3864.3,8,9222.22
9/11/2021,19,53,1012.3,3.3,0.1,37.9,7.4,299,3398.8,24.2,8054.34
10/11/2021,19.1,44.2,1016.8,0,0,35.1,6.2,260,3457.8,15.3,966.52
11/11/2021,22.2,41.1,1017.8,0,0,40.3,7.1,295,3633.4,8.3,1006.79
12/11/2021,24,39.3,1018.2,0,0,43,7.4,248,3749.7,2.6,2376.03
15/11/2021,23.8,55.6,1009.4,0,0.1,51.2,10.7,248,4503.6,8,9222.22
16/11/2021,22.8,54.9,1010,0,0.1,48,9.9,317,4295.2,24.2,8054.34
17/11/2021,23.2,53.6,1011.2,0,0.1,48.5,9.9,278,4173.5,15.3,966.52
18/11/2021,19.7,53,1013.2,0,0.1,39.6,7.8,323,3578.2,8.3,1006.79
19/11/2021,20.9,51.5,1015.5,0,0.1,41.7,8.2,281,3585.6,2.6,2376.03
22/11/2021,20.6,57,1013.2,3.6,0.1,43.3,8.9,246,3999.4,8,9222.22
23/11/2021,21.7,48.6,1018,0,0.1,42.4,8.1,372,4047.7,24.2,8054.34
24/11/2021,25.9,37.4,1018.6,0,0,46.4,8,296,4325.2,15.3,966.52
25/11/2021,29,29.3,1017.9,0,0,47.9,7.3,343,4787,8.3,1006.79
26/11/2021,31,26.3,1016.9,0,0.1,50.3,7.5,315,5101.7,2.6,2376.03
29/11/2021,22.8,55.4,1013,0,0.1,48.2,9.9,300,5064.6,8,9222.22
30/11/2021,20.8,46.1,1014.7,0,0.1,39.4,7.3,350,4187.9,24.2,8054.34
1/12/2021,21.7,43.1,1015.3,0,0.1,40.1,7.2,317,3982.3,15.3,966.52
2/12/2021,23.5,45.4,1016.8,0,0.1,45,8.4,322,4001.4,8.3,1006.79
3/12/2021,27.6,33.8,1017.6,0,0.1,47.9,7.9,336,4358.9,2.6,2376.03
6/12/2021,29.3,27.6,1013.1,0,0.1,47.5,7,314,5655.3,8,9222.22
7/12/2021,30.7,31.6,1010.9,0,0.1,53.3,8.8,322,5486.5,24.2,8054.34
8/12/2021,36.1,23.2,1008.4,0,0.1,58.8,8.8,300,6575.7,15.3,966.52
9/12/2021,30.1,43.9,1008.3,0,0.1,60.7,11.9,336,6335.9,8.3,1006.79
10/12/2021,23.1,53.1,1010.9,0,0.1,47.9,9.7,301,4393.8,2.6,2376.03
13/12/2021,23.6,40.7,1012.8,0,0.1,42.9,7.6,285,4101.8,8,9222.22
14/12/2021,22,47.4,1013.4,0,0.1,42.7,8.1,328,3878.5,24.2,8054.34
15/12/2021,24.8,43.5,1011.9,0,0,47.3,8.8,334,3929.8,15.3,966.52
16/12/2021,21.4,59.1,1007.1,2.1,0.1,46.2,9.7,393,3897.8,8.3,1006.79
17/12/2021,20.9,53.8,1009.9,6,0.1,42.7,8.6,321,3606.7,2.6,2376.03
20/12/2021,28.3,37,1015.7,0,0,51.7,9.1,209,4458,8,9222.22
21/12/2021,26.2,50,1012.7,0.4,0.1,54.4,11,235,4399.5,24.2,8054.34
22/12/2021,27.5,45.8,1012.1,0,0,55.5,10.9,201,4450.6,15.3,966.52
23/12/2021,30.7,37.6,1010.9,0,0.1,58.4,10.7,76,3352.1,8.3,1006.79
24/12/2021,34.3,27.5,1011,0,0.1,58.7,9.4,21,3386.7,2.6,2456.57
10/01/2022,25.5,33.8,1016.8,0,0.1,43.5,7,252,5363.9,8,9222.22
11/01/2022,31.5,27.1,1014,0,0.1,51.8,7.9,264,5657.2,15.3,966.52
12/01/2022,29.8,36.9,1011.3,0,0.1,55,9.8,221,5444.8,15.3,966.52
13/01/2022,25.2,59.9,1013.3,0,0.1,57.2,12.5,263,4818.5,8.3,1006.79
14/01/2022,26.7,50.6,1011.5,0,0.1,56,11.4,257,4691.2,2.6,2456.57
17/01/2022,28.4,40.9,1009.5,0,0.1,54.9,10.3,184,5011.6,8,9222.22
18/01/2022,37.2,24.1,1008.7,0,0,62.3,9.7,194,6473.5,15.3,966.52
19/01/2022,38.2,16.6,1009.6,0,0.1,56.6,7.1,194,6940.2,15.3,966.52
20/01/2022,36.7,14.8,1011.3,0,0,51.9,5.8,212,6804.7,8.3,1006.79
21/01/2022,37.8,13.8,1012.1,0,0.1,52.8,5.7,195,6865.6,2.6,2456.57
24/01/2022,28.3,35.5,1010.2,0,0.1,50.6,8.6,223,6628.9,8,9222.22
25/01/2022,26.2,42.4,1009.2,0,0.1,49.8,9.2,223,5064.8,15.3,966.52
27/01/2022,26.8,46.5,1008,0,0.1,54.1,10.6,230,5138.1,8.3,1006.79
28/01/2022,29.8,37.1,1010.5,0,0.1,55.4,9.9,203,5079.5,2.6,2456.57
31/01/2022,28.1,37.6,1010.4,0,0.2,51.7,9.1,235,6209.1,8,9222.22
1/02/2022,26.7,30.6,1011.4,0,0.1,43.9,6.7,271,4830.3,15.3,966.52
2/02/2022,30,25.8,1010.3,0,0.1,47.6,6.8,248,5031.7,15.3,966.52
3/02/2022,34.8,16.9,1008.5,0,0.1,50,5.8,273,6168.6,8.3,1006.79
4/02/2022,36.7,15.1,1007.6,0,0,52.3,6,275,6794.6,2.6,2456.57
7/02/2022,22.4,45.6,1009.8,0,0.1,42.8,8,279,4926.4,8,9222.22
8/02/2022,24.1,45,1013.4,0,0.1,46.3,8.7,283,4571.9,15.3,966.52
9/02/2022,25.6,47.9,1012.3,0,0.1,51.6,10.1,254,4372.2,15.3,966.52
10/02/2022,32.9,28.2,1008,0,0,55.7,8.8,270,5167.9,8.3,1006.79
11/02/2022,30,51.8,1007.7,0,0.1,66.6,14.3,240,5182.8,2.6,2456.57
14/02/2022,33.7,39.4,1014.1,0,0.1,68.1,13.3,251,6700.7,8,9222.22
15/02/2022,33.5,37.8,1017.3,0,0,65.4,12.4,269,6437,15.3,966.52
16/02/2022,35.4,27.8,1015.4,0,0,61.9,10.2,251,6685,15.3,966.52
17/02/2022,33.4,28.5,1016.3,0,0.1,57,9.1,280,5976,8.3,1006.79
18/02/2022,34.4,22.3,1016.3,0,0,53.8,7.5,239,6079.4,2.6,2456.57
21/02/2022,29.6,38.9,1010.3,0,0,56.3,10.4,233,6457.2,8,9222.22
22/02/2022,30.5,35.6,1008.6,0,0,56.1,9.9,239,5829.1,15.3,966.52
23/02/2022,30.2,38.1,1011.5,0,0.1,56.8,10.3,218,5481,15.3,966.52
24/02/2022,30.3,37.6,1011.6,0,0,56.8,10.3,268,5142.8,8.3,1006.79
25/02/2022,28.7,45.7,1009,3.2,0,58.7,11.7,229,5067,2.6,2456.57
28/02/2022,29.3,44.5,1005.2,0,0.1,59.2,11.6,224,6039.2,8,9222.22
